datetime,Temperature,Weather
2012-10-02 11:00:00,289.912209521,sunny
2012-10-03 11:00:00,289.56,cloudy
2012-10-04 11:00:00,290.63,foggy
2012-10-05 11:00:00,292.34,rainy 
2012-10-06 11:00:00,287.87,foggy
2012-10-07 11:00:00,288.06,foggy
2012-10-08 11:00:00,281.27,cloudy
2012-10-09 11:00:00,278.35,foggy
2012-10-10 11:00:00,283.98,cloudy
2012-10-11 11:00:00,285.17,rainy 
2012-10-12 11:00:00,280.92,sunny
2012-10-13 11:00:00,278.52,sunny
2012-10-14 11:00:00,272.82,sunny
2012-10-15 11:00:00,284.99,cloudy
2012-10-16 11:00:00,289.52,cloudy
2012-10-17 11:00:00,283.87,sunny
2012-10-18 11:00:00,276.34,foggy
2012-10-19 11:00:00,278.21,sunny
2012-10-20 11:00:00,290.74,rainy 
2012-10-21 11:00:00,288.235,sunny
2012-10-22 11:00:00,281.93,sunny
2012-10-23 11:00:00,282.55,sunny
2012-10-24 11:00:00,281.34,cloudy
2012-10-25 11:00:00,286.34,foggy
2012-10-26 11:00:00,286.08,foggy
2012-10-27 11:00:00,287.65,cloudy
2012-10-28 11:00:00,288.69,foggy
2012-10-29 11:00:00,286.9,cloudy
2012-10-30 11:00:00,285.29,rainy 
2012-10-31 11:00:00,285.9,rainy 
2012-11-01 11:00:00,280.91,cloudy
2012-11-02 11:00:00,278.16,sunny
2012-11-03 11:00:00,281.49,cloudy
2012-11-04 11:00:00,279.12,sunny
2012-11-05 11:00:00,277.19,snowy 
2012-11-06 11:00:00,276.69,sunny
2012-11-07 11:00:00,270.84,snowy 
2012-11-08 11:00:00,276.33,cloudy
2012-11-09 11:00:00,276.03,cloudy
2012-11-10 11:00:00,276.23,sunny
2012-11-11 11:00:00,276.61,sunny
2012-11-12 11:00:00,283.19,sunny
2012-11-13 11:00:00,280.22,foggy
2012-11-14 11:00:00,283.54,rainy 
2012-11-15 11:00:00,274.59,sunny
2012-11-16 11:00:00,277.56,cloudy
2012-11-17 11:00:00,274.68,cloudy
2012-11-18 11:00:00,273.94,sunny
2012-11-19 11:00:00,274.37,sunny
2012-11-20 11:00:00,274.6,sunny
2012-11-21 11:00:00,274.02,cloudy
2012-11-22 11:00:00,274.54,sunny
2012-11-23 11:00:00,273.99,sunny
2012-11-24 11:00:00,273.76,foggy
2012-11-25 11:00:00,277.65,sunny
2012-11-26 11:00:00,274.19,cloudy
2012-11-27 11:00:00,274.92,cloudy
2012-11-28 11:00:00,276.07,snowy 
2012-11-29 11:00:00,273.95,foggy
2012-11-30 11:00:00,273.97,sunny
2012-12-01 11:00:00,272.04,cloudy
2012-12-02 11:00:00,275.58,cloudy
2012-12-03 11:00:00,277.64,foggy
2012-12-04 11:00:00,279.82,foggy
2012-12-05 11:00:00,281.1,foggy
2012-12-06 11:00:00,284.77,rainy 
2012-12-07 11:00:00,270.91,sunny
2012-12-08 11:00:00,271.65,cloudy
2012-12-09 11:00:00,281.88,rainy 
2012-12-10 11:00:00,279.65,foggy
2012-12-11 11:00:00,280.99,foggy
2012-12-12 11:00:00,279.64,rainy 
2012-12-13 11:00:00,273.76,cloudy
2012-12-14 11:00:00,272.81,cloudy
2012-12-15 11:00:00,269.79,sunny
2012-12-16 11:00:00,271.27,cloudy
2012-12-17 11:00:00,279.66,cloudy
2012-12-18 11:00:00,277.6,rainy 
2012-12-19 11:00:00,280.67,foggy
2012-12-20 11:00:00,277.96,cloudy
2012-12-21 11:00:00,272.69,sunny
2012-12-22 11:00:00,285.42,rainy 
2012-12-23 11:00:00,275.59,rainy 
2012-12-24 11:00:00,274.84,sunny
2012-12-25 11:00:00,270.87,sunny
2012-12-26 11:00:00,274.85,rainy 
2012-12-27 11:00:00,270.38,sunny
2012-12-28 11:00:00,276.66,rainy 
2012-12-29 11:00:00,272.1,cloudy
2012-12-30 11:00:00,271.94,cloudy
2012-12-31 11:00:00,271.85,sunny
2013-01-01 11:00:00,271.34,cloudy
2013-01-02 11:00:00,276.73,cloudy
2013-01-03 11:00:00,268.0,cloudy
2013-01-04 11:00:00,269.07,cloudy
2013-01-05 11:00:00,273.61,cloudy
2013-01-06 11:00:00,273.09,cloudy
2013-01-07 11:00:00,273.93,foggy
2013-01-08 11:00:00,274.06,sunny
2013-01-09 11:00:00,270.41,sunny
2013-01-10 11:00:00,274.036,sunny
2013-01-11 11:00:00,277.59,sunny
2013-01-12 11:00:00,274.54,cloudy
2013-01-13 11:00:00,278.7385,cloudy
2013-01-14 11:00:00,279.955,cloudy
2013-01-15 11:00:00,282.24,rainy 
2013-01-16 11:00:00,275.23,cloudy
2013-01-17 11:00:00,276.02,rainy 
2013-01-18 11:00:00,276.2,cloudy
2013-01-19 11:00:00,271.05,cloudy
2013-01-20 11:00:00,272.02,cloudy
2013-01-21 11:00:00,276.16,sunny
2013-01-22 11:00:00,270.77,cloudy
2013-01-23 11:00:00,267.73,sunny
2013-01-24 11:00:00,261.27,sunny
2013-01-25 11:00:00,262.18,cloudy
2013-01-26 11:00:00,262.57,sunny
2013-01-27 11:00:00,263.06,sunny
2013-01-28 11:00:00,265.19,sunny
2013-01-29 11:00:00,276.044,sunny
2013-01-30 11:00:00,276.2,foggy
2013-01-31 11:00:00,277.47,foggy
2013-02-01 11:00:00,279.09,cloudy
2013-02-02 11:00:00,272.07,sunny
2013-02-03 11:00:00,267.37,sunny
2013-02-04 11:00:00,268.11,cloudy
2013-02-05 11:00:00,268.02,sunny
2013-02-06 11:00:00,270.12,foggy
2013-02-07 11:00:00,270.64,foggy
2013-02-08 11:00:00,269.05,cloudy
2013-02-09 11:00:00,273.48,snowy 
2013-02-10 11:00:00,271.0,cloudy
2013-02-11 11:00:00,267.44,sunny
2013-02-12 11:00:00,273.349,sunny
2013-02-13 11:00:00,277.17,cloudy
2013-02-14 11:00:00,270.37,sunny
2013-02-15 11:00:00,273.04,foggy
2013-02-16 11:00:00,273.62,foggy
2013-02-17 11:00:00,274.5,foggy
2013-02-18 11:00:00,270.66,cloudy
2013-02-19 11:00:00,264.96,sunny
2013-02-20 11:00:00,271.02,sunny
2013-02-21 11:00:00,272.22,sunny
2013-02-22 11:00:00,268.94,sunny
2013-02-23 11:00:00,269.02,cloudy
2013-02-24 11:00:00,275.3,rainy 
2013-02-25 11:00:00,275.54,cloudy
2013-02-26 11:00:00,272.17,sunny
2013-02-27 11:00:00,272.16,sunny
2013-02-28 11:00:00,278.3,rainy 
2013-03-01 11:00:00,277.84,cloudy
2013-03-02 11:00:00,274.2,sunny
2013-03-03 11:00:00,273.8,cloudy
2013-03-04 11:00:00,271.57,cloudy
2013-03-05 11:00:00,271.25,cloudy
2013-03-06 11:00:00,272.53,sunny
2013-03-07 11:00:00,276.49,cloudy
2013-03-08 11:00:00,275.14,cloudy
2013-03-09 11:00:00,273.796666667,rainy 
2013-03-10 11:00:00,274.21,sunny
2013-03-11 11:00:00,272.45,sunny
2013-03-12 11:00:00,277.61,foggy
2013-03-13 11:00:00,280.427666667,cloudy
2013-03-14 11:00:00,276.15,sunny
2013-03-15 11:00:00,270.669333333,sunny
2013-03-16 11:00:00,271.57,cloudy
2013-03-17 11:00:00,274.21,sunny
2013-03-18 11:00:00,271.35,sunny
2013-03-19 11:00:00,270.03,sunny
2013-03-20 11:00:00,274.97,rainy 
2013-03-21 11:00:00,272.84,cloudy
2013-03-22 11:00:00,273.09,cloudy
2013-03-23 11:00:00,270.89,sunny
2013-03-24 11:00:00,273.34,cloudy
2013-03-25 11:00:00,272.61,sunny
2013-03-26 11:00:00,276.24,cloudy
2013-03-27 11:00:00,274.46,cloudy
2013-03-28 11:00:00,274.44,sunny
2013-03-29 11:00:00,275.31,sunny
2013-03-30 11:00:00,276.24,sunny
2013-03-31 11:00:00,275.6,sunny
2013-04-01 11:00:00,274.58,sunny
2013-04-02 11:00:00,279.04,foggy
2013-04-03 11:00:00,273.0,sunny
2013-04-04 11:00:00,273.02,sunny
2013-04-05 11:00:00,272.45,sunny
2013-04-06 11:00:00,276.788,sunny
2013-04-07 11:00:00,274.76,sunny
2013-04-08 11:00:00,277.25,sunny
2013-04-09 11:00:00,280.88,cloudy
2013-04-10 11:00:00,283.92,foggy
2013-04-11 11:00:00,285.84,cloudy
2013-04-12 11:00:00,285.86,foggy
2013-04-13 11:00:00,279.52,rainy 
2013-04-14 11:00:00,277.51,foggy
2013-04-15 11:00:00,281.38,cloudy
2013-04-16 11:00:00,279.16,cloudy
2013-04-17 11:00:00,281.97,cloudy
2013-04-18 11:00:00,286.24,rainy 
2013-04-19 11:00:00,282.42,sunny
2013-04-20 11:00:00,287.14,foggy
2013-04-21 11:00:00,282.93,cloudy
2013-04-22 11:00:00,275.73,sunny
2013-04-23 11:00:00,277.7,sunny
2013-04-24 11:00:00,277.84,cloudy
2013-04-25 11:00:00,279.0,sunny
2013-04-26 11:00:00,281.4,sunny
2013-04-27 11:00:00,280.86,foggy
2013-04-28 11:00:00,280.5,sunny
2013-04-29 11:00:00,281.22,sunny
2013-04-30 11:00:00,284.4,rainy 
2013-05-01 11:00:00,284.31,foggy
2013-05-02 11:00:00,279.88,foggy
2013-05-03 11:00:00,281.31,sunny
2013-05-04 11:00:00,284.57,sunny
2013-05-05 11:00:00,281.28,foggy
2013-05-06 11:00:00,280.56,sunny
2013-05-07 11:00:00,282.06,cloudy
2013-05-08 11:00:00,283.61,cloudy
2013-05-09 11:00:00,287.92,rainy 
2013-05-10 11:00:00,286.32,rainy 
2013-05-11 11:00:00,286.73,foggy
2013-05-12 11:00:00,289.93,rainy 
2013-05-13 11:00:00,287.27,rainy 
2013-05-14 11:00:00,281.52,sunny
2013-05-15 11:00:00,279.54,sunny
2013-05-16 11:00:00,283.29,cloudy
2013-05-17 11:00:00,287.77,foggy
2013-05-18 11:00:00,288.46,sunny
2013-05-19 11:00:00,285.51,cloudy
2013-05-20 11:00:00,286.36,rainy 
2013-05-21 11:00:00,287.61,foggy
2013-05-22 11:00:00,291.79,foggy
2013-05-23 11:00:00,290.99,foggy
2013-05-24 11:00:00,293.62,foggy
2013-05-25 11:00:00,290.32,cloudy
2013-05-26 11:00:00,280.38,rainy 
2013-05-27 11:00:00,282.2,sunny
2013-05-28 11:00:00,284.3,sunny
2013-05-29 11:00:00,285.38,sunny
2013-05-30 11:00:00,287.77,foggy
2013-05-31 11:00:00,294.89,foggy
2013-06-01 11:00:00,295.61,foggy
2013-06-02 11:00:00,295.09,sunny
2013-06-03 11:00:00,295.9,sunny
2013-06-04 11:00:00,293.83,rainy 
2013-06-05 11:00:00,287.19,sunny
2013-06-06 11:00:00,286.57,sunny
2013-06-07 11:00:00,287.98,sunny
2013-06-08 11:00:00,289.06,foggy
2013-06-09 11:00:00,287.83,rainy 
2013-06-10 11:00:00,289.77,sunny
2013-06-11 11:00:00,292.7695,rainy 
2013-06-12 11:00:00,292.7,foggy
2013-06-13 11:00:00,292.58,sunny
2013-06-14 11:00:00,290.7,rainy 
2013-06-15 11:00:00,285.29,rainy 
2013-06-16 11:00:00,291.02,rainy 
2013-06-17 11:00:00,289.8,rainy 
2013-06-18 11:00:00,292.66,rainy 
2013-06-19 11:00:00,293.95,rainy 
2013-06-20 11:00:00,289.8265,rainy 
2013-06-21 11:00:00,288.43,rainy 
2013-06-22 11:00:00,291.71,rainy 
2013-06-23 11:00:00,292.11,sunny
2013-06-24 11:00:00,296.54,sunny
2013-06-25 11:00:00,297.29,sunny
2013-06-26 11:00:00,296.35,sunny
2013-06-27 11:00:00,297.98,sunny
2013-06-28 11:00:00,295.19,rainy 
2013-06-29 11:00:00,295.95,rainy 
2013-06-30 11:00:00,294.31,cloudy
2013-07-01 11:00:00,296.71,cloudy
2013-07-02 11:00:00,297.15,cloudy
2013-07-03 11:00:00,296.79,sunny
2013-07-04 11:00:00,296.652,sunny
2013-07-05 11:00:00,297.57,sunny
2013-07-06 11:00:00,298.5,foggy
2013-07-07 11:00:00,300.3,sunny
2013-07-08 11:00:00,299.88,sunny
2013-07-09 11:00:00,297.01,rainy 
2013-07-10 11:00:00,296.54,foggy
2013-07-11 11:00:00,297.35,foggy
2013-07-12 11:00:00,298.56,rainy 
2013-07-13 11:00:00,295.47,cloudy
2013-07-14 11:00:00,293.94,foggy
2013-07-15 11:00:00,297.37,foggy
2013-07-16 11:00:00,298.76,sunny
2013-07-17 11:00:00,298.26,sunny
2013-07-18 11:00:00,299.24,foggy
2013-07-19 11:00:00,299.92,sunny
2013-07-20 11:00:00,300.89,foggy
2013-07-21 11:00:00,299.82,sunny
2013-07-22 11:00:00,297.83,sunny
2013-07-23 11:00:00,296.72,foggy
2013-07-24 11:00:00,297.598,rainy 
2013-07-25 11:00:00,296.62,sunny
2013-07-26 11:00:00,291.09,rainy 
2013-07-27 11:00:00,291.96,cloudy
2013-07-28 11:00:00,293.09,sunny
2013-07-29 11:00:00,293.78,sunny
2013-07-30 11:00:00,293.95,rainy 
2013-07-31 11:00:00,291.91,sunny
2013-08-01 11:00:00,290.83,sunny
2013-08-02 11:00:00,294.33,sunny
2013-08-03 11:00:00,294.415,sunny
2013-08-04 11:00:00,293.68,rainy 
2013-08-05 11:00:00,291.4,sunny
2013-08-06 11:00:00,289.8,sunny
2013-08-07 11:00:00,291.0645,sunny
2013-08-08 11:00:00,293.09,sunny
2013-08-09 11:00:00,294.99,rainy 
2013-08-10 11:00:00,296.625,rainy 
2013-08-11 11:00:00,297.94,sunny
2013-08-12 11:00:00,290.26,sunny
2013-08-13 11:00:00,293.87,foggy
2013-08-14 11:00:00,294.49,rainy 
2013-08-15 11:00:00,291.69,rainy 
2013-08-16 11:00:00,288.075,sunny
2013-08-17 11:00:00,285.95,foggy
2013-08-18 11:00:00,287.45,foggy
2013-08-19 11:00:00,290.29,foggy
2013-08-20 11:00:00,290.19,foggy
2013-08-21 11:00:00,290.32,foggy
2013-08-22 11:00:00,292.4,foggy
2013-08-23 11:00:00,295.55,cloudy
2013-08-24 11:00:00,293.5,foggy
2013-08-25 11:00:00,289.74,sunny
2013-08-26 11:00:00,288.37,sunny
2013-08-27 11:00:00,292.38,cloudy
2013-08-28 11:00:00,295.566666667,rainy 
2013-08-29 11:00:00,294.197666667,cloudy
2013-08-30 11:00:00,295.25,foggy
2013-08-31 11:00:00,296.163333333,cloudy
2013-09-01 11:00:00,297.641,sunny
2013-09-02 11:00:00,296.45,foggy
2013-09-03 11:00:00,295.773333333,sunny
2013-09-04 11:00:00,292.161,sunny
2013-09-05 11:00:00,291.29,sunny
2013-09-06 11:00:00,286.657666667,sunny
2013-09-07 11:00:00,282.48,sunny
2013-09-08 11:00:00,292.514,sunny
2013-09-09 11:00:00,285.52,sunny
2013-09-10 11:00:00,293.49,foggy
2013-09-11 11:00:00,296.27,foggy
2013-09-12 11:00:00,296.19,foggy
2013-09-13 11:00:00,292.05,rainy 
2013-09-14 11:00:00,286.397,sunny
2013-09-15 11:00:00,283.19,sunny
2013-09-16 11:00:00,287.9,cloudy
2013-09-17 11:00:00,281.8,snowy 
2013-09-18 11:00:00,279.62,sunny
2013-09-19 11:00:00,284.096,sunny
2013-09-20 11:00:00,283.994,sunny
2013-09-21 11:00:00,286.488,rainy 
2013-09-22 11:00:00,291.076333333,rainy 
2013-09-23 11:00:00,282.79,sunny
2013-09-24 11:00:00,279.74,sunny
2013-09-25 11:00:00,282.15,sunny
2013-09-26 11:00:00,285.2,sunny
2013-09-27 11:00:00,284.27,foggy
2013-09-28 11:00:00,283.56,foggy
2013-09-29 11:00:00,282.19,sunny
2013-09-30 11:00:00,281.7,foggy
2013-10-01 11:00:00,287.756,sunny
2013-10-02 11:00:00,289.31,sunny
2013-10-03 11:00:00,287.95,foggy
2013-10-04 11:00:00,291.0,sunny
2013-10-05 11:00:00,291.86,foggy
2013-10-06 11:00:00,291.7,rainy 
2013-10-07 11:00:00,293.27,rainy 
2013-10-08 11:00:00,284.35,cloudy
2013-10-09 11:00:00,281.39,sunny
2013-10-10 11:00:00,285.22,cloudy
2013-10-11 11:00:00,288.73,rainy 
2013-10-12 11:00:00,287.98,sunny
2013-10-13 11:00:00,287.215333333,sunny
2013-10-14 11:00:00,282.82,foggy
2013-10-15 11:00:00,282.45,sunny
2013-10-16 11:00:00,287.89,cloudy
2013-10-17 11:00:00,289.14,rainy 
2013-10-18 11:00:00,286.87,rainy 
2013-10-19 11:00:00,280.87,foggy
2013-10-20 11:00:00,283.5475,sunny
2013-10-21 11:00:00,279.784333333,sunny
2013-10-22 11:00:00,284.8285,sunny
2013-10-23 11:00:00,276.6,sunny
2013-10-24 11:00:00,277.061,sunny
2013-10-25 11:00:00,282.828,sunny
2013-10-26 11:00:00,272.48,sunny
2013-10-27 11:00:00,281.756,sunny
2013-10-28 11:00:00,276.795666667,sunny
2013-10-29 11:00:00,280.578333333,sunny
2013-10-30 11:00:00,280.785,cloudy
2013-10-31 11:00:00,284.165666667,cloudy
2013-11-01 11:00:00,293.133666667,cloudy
2013-11-02 11:00:00,284.916666667,cloudy
2013-11-03 11:00:00,281.704666667,sunny
2013-11-04 11:00:00,274.737,sunny
2013-11-05 11:00:00,278.564333333,cloudy
2013-11-06 11:00:00,280.04,sunny
2013-11-07 11:00:00,288.73,sunny
2013-11-08 11:00:00,277.45,sunny
2013-11-09 11:00:00,276.12,sunny
2013-11-10 11:00:00,279.68,sunny
2013-11-11 11:00:00,277.36,sunny
2013-11-12 11:00:00,277.44,snowy 
2013-11-13 11:00:00,270.87,sunny
2013-11-14 11:00:00,272.37,sunny
2013-11-15 11:00:00,275.25,sunny
2013-11-16 11:00:00,279.5,rainy 
2013-11-17 11:00:00,283.43,foggy
2013-11-18 11:00:00,288.308,rainy 
2013-11-19 11:00:00,279.6,sunny
2013-11-20 11:00:00,273.35,sunny
2013-11-21 11:00:00,269.58,sunny
2013-11-22 11:00:00,281.94,rainy 
2013-11-23 11:00:00,277.35,sunny
2013-11-24 11:00:00,268.39,sunny
2013-11-25 11:00:00,265.25,sunny
2013-11-26 11:00:00,274.39,sunny
2013-11-27 11:00:00,288.58,foggy
2013-11-28 11:00:00,276.2925,rainy 
2013-11-29 11:00:00,277.42,sunny
2013-11-30 11:00:00,268.55,sunny
2013-12-01 11:00:00,274.92,sunny
2013-12-02 11:00:00,277.01,sunny
2013-12-03 11:00:00,274.37,foggy
2013-12-04 11:00:00,275.97,foggy
2013-12-05 11:00:00,281.56,rainy 
2013-12-06 11:00:00,286.46,foggy
2013-12-07 11:00:00,275.59,sunny
2013-12-08 11:00:00,271.08,sunny
2013-12-09 11:00:00,273.81,snowy 
2013-12-10 11:00:00,274.7,sunny
2013-12-11 11:00:00,269.1,sunny
2013-12-12 11:00:00,268.11,sunny
2013-12-13 11:00:00,267.252,cloudy
2013-12-14 11:00:00,270.18,sunny
2013-12-15 11:00:00,271.56,sunny
2013-12-16 11:00:00,270.44,sunny
2013-12-17 11:00:00,268.15,snowy 
2013-12-18 11:00:00,267.82,sunny
2013-12-19 11:00:00,269.29,sunny
2013-12-20 11:00:00,275.14,sunny
2013-12-21 11:00:00,280.22,sunny
2013-12-22 11:00:00,287.9165,rainy 
2013-12-23 11:00:00,287.78,foggy
2013-12-24 11:00:00,274.68,sunny
2013-12-25 11:00:00,265.81,sunny
2013-12-26 11:00:00,270.17,sunny
2013-12-27 11:00:00,270.64,sunny
2013-12-28 11:00:00,271.74,sunny
2013-12-29 11:00:00,277.37,sunny
2013-12-30 11:00:00,276.6,rainy 
2013-12-31 11:00:00,266.77,sunny
2014-01-01 11:00:00,267.9,sunny
2014-01-02 11:00:00,270.32,snowy 
2014-01-03 11:00:00,261.86,snowy 
2014-01-04 11:00:00,258.33,sunny
2014-01-05 11:00:00,265.03,sunny
2014-01-06 11:00:00,284.59,foggy
2014-01-07 11:00:00,258.26,sunny
2014-01-08 11:00:00,259.75,sunny
2014-01-09 11:00:00,266.81,sunny
2014-01-10 11:00:00,270.78,snowy 
2014-01-11 11:00:00,278.47,rainy 
2014-01-12 11:00:00,279.46,rainy 
2014-01-13 11:00:00,271.87,sunny
2014-01-14 11:00:00,277.9,sunny
2014-01-15 11:00:00,273.72,foggy
2014-01-16 11:00:00,276.65,sunny
2014-01-17 11:00:00,284.793,sunny
2014-01-18 11:00:00,284.793,sunny
2014-01-19 11:00:00,269.14,sunny
2014-01-20 11:00:00,275.08,sunny
2014-01-21 11:00:00,268.48,sunny
2014-01-22 11:00:00,259.56,sunny
2014-01-23 11:00:00,258.79,sunny
2014-01-24 11:00:00,260.76,sunny
2014-01-25 11:00:00,265.61,sunny
2014-01-26 11:00:00,264.84,sunny
2014-01-27 11:00:00,270.87,rainy 
2014-01-28 11:00:00,262.42,cloudy
2014-01-29 11:00:00,262.6,rainy 
2014-01-30 11:00:00,261.72,sunny
2014-01-31 11:00:00,268.68,sunny
2014-02-01 11:00:00,271.91,sunny
2014-02-02 11:00:00,272.13,sunny
2014-02-03 11:00:00,273.5,rainy 
2014-02-04 11:00:00,265.54,sunny
2014-02-05 11:00:00,271.49,rainy 
2014-02-06 11:00:00,267.62,cloudy
2014-02-07 11:00:00,267.13,sunny
2014-02-08 11:00:00,265.35,cloudy
2014-02-09 11:00:00,265.17,cloudy
2014-02-10 11:00:00,266.71,sunny
2014-02-11 11:00:00,262.4,sunny
2014-02-12 11:00:00,260.46,sunny
2014-02-13 11:00:00,270.85,rainy 
2014-02-14 11:00:00,272.25,rainy 
2014-02-15 11:00:00,272.3,cloudy
2014-02-16 11:00:00,266.8,sunny
2014-02-17 11:00:00,264.67,sunny
2014-02-18 11:00:00,269.06,cloudy
2014-02-19 11:00:00,268.43,cloudy
2014-02-20 11:00:00,272.64,sunny
2014-02-21 11:00:00,275.36,cloudy
2014-02-22 11:00:00,273.06,sunny
2014-02-23 11:00:00,271.96,cloudy
2014-02-24 11:00:00,275.78,sunny
2014-02-25 11:00:00,267.38,cloudy
2014-02-26 11:00:00,268.75,cloudy
2014-02-27 11:00:00,261.78,sunny
2014-02-28 11:00:00,260.15,sunny
2014-03-01 11:00:00,262.55,sunny
2014-03-02 11:00:00,274.02,cloudy
2014-03-03 11:00:00,267.01,cloudy
2014-03-04 11:00:00,261.29,sunny
2014-03-05 11:00:00,269.32,cloudy
2014-03-06 11:00:00,263.53,sunny
2014-03-07 11:00:00,269.82,cloudy
2014-03-08 11:00:00,273.83,sunny
2014-03-09 11:00:00,275.56,cloudy
2014-03-10 11:00:00,275.58,cloudy
2014-03-11 11:00:00,277.82,cloudy
2014-03-12 11:00:00,278.31,cloudy
2014-03-13 11:00:00,265.76,sunny
2014-03-14 11:00:00,266.56,sunny
2014-03-15 11:00:00,279.15,cloudy
2014-03-16 11:00:00,271.89,sunny
2014-03-17 11:00:00,267.76,cloudy
2014-03-18 11:00:00,268.72,sunny
2014-03-19 11:00:00,272.25,cloudy
2014-03-20 11:00:00,277.91,rainy 
2014-03-21 11:00:00,275.91,sunny
2014-03-22 11:00:00,275.98,cloudy
2014-03-23 11:00:00,276.12,cloudy
2014-03-24 11:00:00,266.47,sunny
2014-03-25 11:00:00,267.17,sunny
2014-03-26 11:00:00,273.13,cloudy
2014-03-27 11:00:00,266.74,sunny
2014-03-28 11:00:00,276.03,cloudy
2014-03-29 11:00:00,279.76,cloudy
2014-03-30 11:00:00,280.35,rainy 
2014-03-31 11:00:00,275.33,rainy 
2014-04-01 11:00:00,274.78,sunny
2014-04-02 11:00:00,276.91,cloudy
2014-04-03 11:00:00,279.13,cloudy
2014-04-04 11:00:00,278.36,rainy 
2014-04-05 11:00:00,277.79,cloudy
2014-04-06 11:00:00,274.02,sunny
2014-04-07 11:00:00,275.65,cloudy
2014-04-08 11:00:00,281.72,rainy 
2014-04-09 11:00:00,278.16,sunny
2014-04-10 11:00:00,274.89,sunny
2014-04-11 11:00:00,284.22,cloudy
2014-04-12 11:00:00,281.42,rainy 
2014-04-13 11:00:00,283.23,cloudy
2014-04-14 11:00:00,288.66,cloudy
2014-04-15 11:00:00,289.71,cloudy
2014-04-16 11:00:00,272.12,sunny
2014-04-17 11:00:00,274.35,sunny
2014-04-18 11:00:00,274.4,cloudy
2014-04-19 11:00:00,277.21,cloudy
2014-04-20 11:00:00,280.02,cloudy
2014-04-21 11:00:00,275.15,sunny
2014-04-22 11:00:00,281.19,cloudy
2014-04-23 11:00:00,282.67,rainy 
2014-04-24 11:00:00,278.53,sunny
2014-04-25 11:00:00,278.87,cloudy
2014-04-26 11:00:00,280.75,rainy 
2014-04-27 11:00:00,280.82,sunny
2014-04-28 11:00:00,279.18,cloudy
2014-04-29 11:00:00,281.69,cloudy
2014-04-30 11:00:00,279.489666667,rainy 
2014-05-01 11:00:00,288.283666667,rainy 
2014-05-02 11:00:00,285.013333333,rainy 
2014-05-03 11:00:00,283.995666667,sunny
2014-05-04 11:00:00,285.15,cloudy
2014-05-05 11:00:00,282.94,sunny
2014-05-06 11:00:00,283.356218693,cloudy
2014-05-07 11:00:00,281.42,sunny
2014-05-08 11:00:00,284.43,foggy
2014-05-09 11:00:00,285.98,foggy
2014-05-10 11:00:00,287.92,foggy
2014-05-11 11:00:00,287.84,rainy 
2014-05-12 11:00:00,287.74,sunny
2014-05-13 11:00:00,289.56,foggy
2014-05-14 11:00:00,283.92,cloudy
2014-05-15 11:00:00,288.83,rainy 
2014-05-16 11:00:00,291.22,foggy
2014-05-17 11:00:00,284.66,sunny
2014-05-18 11:00:00,282.62,sunny
2014-05-19 11:00:00,282.11,sunny
2014-05-20 11:00:00,285.31,rainy 
2014-05-21 11:00:00,290.59,cloudy
2014-05-22 11:00:00,289.67,foggy
2014-05-23 11:00:00,288.11,rainy 
2014-05-24 11:00:00,287.36,cloudy
2014-05-25 11:00:00,285.53,sunny
2014-05-26 11:00:00,290.39,cloudy
2014-05-27 11:00:00,292.61,cloudy
2014-05-28 11:00:00,287.72,cloudy
2014-05-29 11:00:00,283.76,cloudy
2014-05-30 11:00:00,285.61,cloudy
2014-05-31 11:00:00,288.39,sunny
2014-06-01 11:00:00,284.88,sunny
2014-06-02 11:00:00,286.6,sunny
2014-06-03 11:00:00,291.7,cloudy
2014-06-04 11:00:00,290.87,foggy
2014-06-05 11:00:00,290.38,foggy
2014-06-06 11:00:00,288.81,rainy 
2014-06-07 11:00:00,288.12,sunny
2014-06-08 11:00:00,289.9,sunny
2014-06-09 11:00:00,290.38,foggy
2014-06-10 11:00:00,291.62,foggy
2014-06-11 11:00:00,291.07,rainy 
2014-06-12 11:00:00,288.59,foggy
2014-06-13 11:00:00,291.41,foggy
2014-06-14 11:00:00,291.63,sunny
2014-06-15 11:00:00,288.43,sunny
2014-06-16 11:00:00,288.65,sunny
2014-06-17 11:00:00,293.66,sunny
2014-06-18 11:00:00,299.47,sunny
2014-06-19 11:00:00,294.05,foggy
2014-06-20 11:00:00,289.3,sunny
2014-06-21 11:00:00,289.08,sunny
2014-06-22 11:00:00,289.63,sunny
2014-06-23 11:00:00,289.67,sunny
2014-06-24 11:00:00,291.65,rainy 
2014-06-25 11:00:00,294.35,sunny
2014-06-26 11:00:00,294.58,rainy 
2014-06-27 11:00:00,294.15,cloudy
2014-06-28 11:00:00,291.53,sunny
2014-06-29 11:00:00,291.81,sunny
2014-06-30 11:00:00,292.76,sunny
2014-07-01 11:00:00,295.26,sunny
2014-07-02 11:00:00,296.83,sunny
2014-07-03 11:00:00,296.18,foggy
2014-07-04 11:00:00,295.14,foggy
2014-07-05 11:00:00,290.35,sunny
2014-07-06 11:00:00,290.39,sunny
2014-07-07 11:00:00,295.94,cloudy
2014-07-08 11:00:00,296.32,foggy
2014-07-09 11:00:00,295.33,sunny
2014-07-10 11:00:00,293.73,cloudy
2014-07-11 11:00:00,294.260606841,sunny
2014-07-12 11:00:00,293.92,foggy
2014-07-13 11:00:00,295.35,cloudy
2014-07-14 11:00:00,296.15,sunny
2014-07-15 11:00:00,297.14,foggy
2014-07-16 11:00:00,293.94,foggy
2014-07-17 11:00:00,291.48,cloudy
2014-07-18 11:00:00,289.7,sunny
2014-07-19 11:00:00,291.78,cloudy
2014-07-20 11:00:00,292.04,cloudy
2014-07-21 11:00:00,290.46,sunny
2014-07-22 11:00:00,293.36,sunny
2014-07-23 11:00:00,294.96,foggy
2014-07-24 11:00:00,294.99,cloudy
2014-07-25 11:00:00,291.27,cloudy
2014-07-26 11:00:00,292.72,cloudy
2014-07-27 11:00:00,294.96,foggy
2014-07-28 11:00:00,293.79,cloudy
2014-07-29 11:00:00,289.89,sunny
2014-07-30 11:00:00,287.91,foggy
2014-07-31 11:00:00,289.19,foggy
2014-08-01 11:00:00,292.75,foggy
2014-08-02 11:00:00,291.62,foggy
2014-08-03 11:00:00,291.44,foggy
2014-08-04 11:00:00,293.54,foggy
2014-08-05 11:00:00,292.47,foggy
2014-08-06 11:00:00,292.84,cloudy
2014-08-07 11:00:00,289.42,sunny
2014-08-08 11:00:00,288.6,cloudy
2014-08-09 11:00:00,288.69,foggy
2014-08-10 11:00:00,293.18106133,sunny
2014-08-11 11:00:00,290.97,foggy
2014-08-12 11:00:00,294.31,cloudy
2014-08-13 11:00:00,293.48,foggy
2014-08-14 11:00:00,289.48,sunny
2014-08-15 11:00:00,286.0,foggy
2014-08-16 11:00:00,287.07,rainy 
2014-08-17 11:00:00,292.966333333,cloudy
2014-08-18 11:00:00,290.732,sunny
2014-08-19 11:00:00,289.06,sunny
2014-08-20 11:00:00,291.98,cloudy
2014-08-21 11:00:00,292.09,cloudy
2014-08-22 11:00:00,291.9,foggy
2014-08-23 11:00:00,290.93,foggy
2014-08-24 11:00:00,288.17,foggy
2014-08-25 11:00:00,288.1,foggy
2014-08-26 11:00:00,290.9,foggy
2014-08-27 11:00:00,291.38,foggy
2014-08-28 11:00:00,292.54,rainy 
2014-08-29 11:00:00,286.79,foggy
2014-08-30 11:00:00,287.47,cloudy
2014-08-31 11:00:00,294.78,foggy
2014-09-01 11:00:00,295.73,foggy
2014-09-02 11:00:00,295.55,foggy
2014-09-03 11:00:00,293.48,foggy
2014-09-04 11:00:00,289.81,foggy
2014-09-05 11:00:00,293.24,foggy
2014-09-06 11:00:00,296.3,foggy
2014-09-07 11:00:00,290.21,foggy
2014-09-08 11:00:00,287.7,cloudy
2014-09-09 11:00:00,289.02,cloudy
2014-09-10 11:00:00,289.45,foggy
2014-09-11 11:00:00,292.8,foggy
2014-09-12 11:00:00,288.39,sunny
2014-09-13 11:00:00,287.94,cloudy
2014-09-14 11:00:00,283.06,foggy
2014-09-15 11:00:00,282.41,rainy 
2014-09-16 11:00:00,286.66,rainy 
2014-09-17 11:00:00,283.06,foggy
2014-09-18 11:00:00,282.95,foggy
2014-09-19 11:00:00,284.75,cloudy
2014-09-20 11:00:00,286.08,foggy
2014-09-21 11:00:00,291.54,rainy 
2014-09-22 11:00:00,289.08,sunny
2014-09-23 11:00:00,280.97,foggy
2014-09-24 11:00:00,284.41,foggy
2014-09-25 11:00:00,289.12,rainy 
2014-09-26 11:00:00,284.48,foggy
2014-09-27 11:00:00,285.17,foggy
2014-09-28 11:00:00,286.44,foggy
2014-09-29 11:00:00,289.36,foggy
2014-09-30 11:00:00,290.15,foggy
2014-10-01 11:00:00,289.04,foggy
2014-10-02 11:00:00,288.77,cloudy
2014-10-03 11:00:00,286.95,foggy
2014-10-04 11:00:00,290.39,rainy 
2014-10-05 11:00:00,278.99,sunny
2014-10-06 11:00:00,278.97,sunny
2014-10-07 11:00:00,290.05,rainy 
2014-10-08 11:00:00,289.86,cloudy
2014-10-09 11:00:00,282.26,sunny
2014-10-10 11:00:00,280.53,cloudy
2014-10-11 11:00:00,283.96,foggy
2014-10-12 11:00:00,278.46,foggy
2014-10-13 11:00:00,284.01,foggy
2014-10-14 11:00:00,290.08,foggy
2014-10-15 11:00:00,294.21,cloudy
2014-10-16 11:00:00,294.09,foggy
2014-10-17 11:00:00,287.72,foggy
2014-10-18 11:00:00,285.77,sunny
2014-10-19 11:00:00,284.33,cloudy
2014-10-20 11:00:00,276.14,cloudy
2014-10-21 11:00:00,283.23,rainy 
2014-10-22 11:00:00,285.88,cloudy
2014-10-23 11:00:00,283.8,foggy
2014-10-24 11:00:00,283.73,rainy 
2014-10-25 11:00:00,280.68,foggy
2014-10-26 11:00:00,285.43,sunny
2014-10-27 11:00:00,281.61,sunny
2014-10-28 11:00:00,281.11,sunny
2014-10-29 11:00:00,285.64,foggy
2014-10-30 11:00:00,279.76,foggy
2014-10-31 11:00:00,276.7,cloudy
2014-11-01 11:00:00,280.65,rainy 
2014-11-02 11:00:00,278.71,cloudy
2014-11-03 11:00:00,277.27,sunny
2014-11-04 11:00:00,283.99,rainy 
2014-11-05 11:00:00,284.66,cloudy
2014-11-06 11:00:00,281.67,foggy
2014-11-07 11:00:00,281.01,cloudy
2014-11-08 11:00:00,275.219465933,sunny
2014-11-09 11:00:00,279.69,cloudy
2014-11-10 11:00:00,275.26,sunny
2014-11-11 11:00:00,278.93,foggy
2014-11-12 11:00:00,286.225148064,rainy 
2014-11-13 11:00:00,273.77,sunny
2014-11-14 11:00:00,275.353787072,rainy 
2014-11-15 11:00:00,270.08,sunny
2014-11-16 11:00:00,271.42,foggy
2014-11-17 11:00:00,276.79,foggy
2014-11-18 11:00:00,273.278472843,sunny
2014-11-19 11:00:00,267.084744246,sunny
2014-11-20 11:00:00,271.21,sunny
2014-11-21 11:00:00,269.91,sunny
2014-11-22 11:00:00,267.41,foggy
2014-11-23 11:00:00,278.14,rainy 
2014-11-24 11:00:00,289.144470329,rainy 
2014-11-25 11:00:00,288.19,cloudy
2014-11-26 11:00:00,279.92,rainy 
2014-11-27 11:00:00,274.71,foggy
2014-11-28 11:00:00,271.2,sunny
2014-11-29 11:00:00,267.994129372,sunny
2014-11-30 11:00:00,278.015533074,cloudy
2014-12-01 11:00:00,281.209035422,cloudy
2014-12-02 11:00:00,275.250197558,rainy 
2014-12-03 11:00:00,277.65,foggy
2014-12-04 11:00:00,273.08,cloudy
2014-12-05 11:00:00,272.03,foggy
2014-12-06 11:00:00,277.68,foggy
2014-12-07 11:00:00,275.75,cloudy
2014-12-08 11:00:00,268.38,sunny
2014-12-09 11:00:00,275.42,snowy 
2014-12-10 11:00:00,277.521347463,rainy 
2014-12-11 11:00:00,272.96,snowy 
2014-12-12 11:00:00,273.17,sunny
2014-12-13 11:00:00,274.57,foggy
2014-12-14 11:00:00,275.547229763,cloudy
2014-12-15 11:00:00,273.56,sunny
2014-12-16 11:00:00,274.44,cloudy
2014-12-17 11:00:00,279.39,foggy
2014-12-18 11:00:00,275.64,sunny
2014-12-19 11:00:00,275.62,cloudy
2014-12-20 11:00:00,272.11,cloudy
2014-12-21 11:00:00,272.48,foggy
2014-12-22 11:00:00,274.46,foggy
2014-12-23 11:00:00,280.489199492,rainy 
2014-12-24 11:00:00,280.39,foggy
2014-12-25 11:00:00,285.28,foggy
2014-12-26 11:00:00,274.6,sunny
2014-12-27 11:00:00,274.733666667,sunny
2014-12-28 11:00:00,276.861024416,cloudy
2014-12-29 11:00:00,274.521082452,cloudy
2014-12-30 11:00:00,267.929,sunny
2014-12-31 11:00:00,267.154059406,sunny
2015-01-01 11:00:00,266.449,sunny
2015-01-02 11:00:00,272.86592472,sunny
2015-01-03 11:00:00,266.718,sunny
2015-01-04 11:00:00,275.65,rainy 
2015-01-05 11:00:00,277.05,sunny
2015-01-06 11:00:00,266.25,cloudy
2015-01-07 11:00:00,265.65,sunny
2015-01-08 11:00:00,259.45,sunny
2015-01-09 11:00:00,267.138,cloudy
2015-01-10 11:00:00,261.970462406,sunny
2015-01-11 11:00:00,261.229,cloudy
2015-01-12 11:00:00,270.573,cloudy
2015-01-13 11:00:00,268.681,sunny
2015-01-14 11:00:00,263.478,cloudy
2015-01-15 11:00:00,260.918,sunny
2015-01-16 11:00:00,266.844,sunny
2015-01-17 11:00:00,259.74,sunny
2015-01-18 11:00:00,268.303,cloudy
2015-01-19 11:00:00,271.368,sunny
2015-01-20 11:00:00,267.588,sunny
2015-01-21 11:00:00,261.943,sunny
2015-01-22 11:00:00,268.356,cloudy
2015-01-23 11:00:00,262.461,sunny
2015-01-24 11:00:00,271.589,cloudy
2015-01-25 11:00:00,270.619,sunny
2015-01-26 11:00:00,266.394,cloudy
2015-01-27 11:00:00,268.34,cloudy
2015-01-28 11:00:00,263.464,sunny
2015-01-29 11:00:00,255.2,sunny
2015-01-30 11:00:00,270.748,cloudy
2015-01-31 11:00:00,264.097,sunny
2015-02-01 11:00:00,261.444,sunny
2015-02-02 11:00:00,272.704,cloudy
2015-02-03 11:00:00,263.555,cloudy
2015-02-04 11:00:00,264.101,cloudy
2015-02-05 11:00:00,272.177,cloudy
2015-02-06 11:00:00,257.942,sunny
2015-02-07 11:00:00,259.868,cloudy
2015-02-08 11:00:00,268.508,cloudy
2015-02-09 11:00:00,274.396,cloudy
2015-02-10 11:00:00,272.371,cloudy
2015-02-11 11:00:00,265.486,sunny
2015-02-12 11:00:00,266.89,sunny
2015-02-13 11:00:00,260.3,sunny
2015-02-14 11:00:00,258.582,cloudy
2015-02-15 11:00:00,262.533,sunny
2015-02-16 11:00:00,258.233,sunny
2015-02-17 11:00:00,263.867,snowy 
2015-02-18 11:00:00,254.433,sunny
2015-02-19 11:00:00,262.966,cloudy
2015-02-20 11:00:00,255.773,sunny
2015-02-21 11:00:00,252.107,sunny
2015-02-22 11:00:00,273.011,rainy 
2015-02-23 11:00:00,268.482,cloudy
2015-02-24 11:00:00,252.651,sunny
2015-02-25 11:00:00,261.382,sunny
2015-02-26 11:00:00,262.421,cloudy
2015-02-27 11:00:00,263.461,sunny
2015-02-28 11:00:00,256.061,sunny
2015-03-01 11:00:00,260.937,sunny
2015-03-02 11:00:00,273.075,sunny
2015-03-03 11:00:00,258.877,sunny
2015-03-04 11:00:00,274.9,foggy
2015-03-05 11:00:00,273.5,foggy
2015-03-06 11:00:00,261.335913787,snowy 
2015-03-07 11:00:00,262.722619718,sunny
2015-03-08 11:00:00,271.609253837,cloudy
2015-03-09 11:00:00,275.45,rainy 
2015-03-10 11:00:00,269.942,sunny
2015-03-11 11:00:00,277.122696629,rainy 
2015-03-12 11:00:00,273.942,sunny
2015-03-13 11:00:00,269.895,sunny
2015-03-14 11:00:00,276.281,rainy 
2015-03-15 11:00:00,275.673333333,rainy 
2015-03-16 11:00:00,273.098,sunny
2015-03-17 11:00:00,278.311333333,rainy 
2015-03-18 11:00:00,271.972666667,sunny
2015-03-19 11:00:00,270.620333333,sunny
2015-03-20 11:00:00,271.173666667,cloudy
2015-03-21 11:00:00,271.730333333,snowy 
2015-03-22 11:00:00,271.828333333,sunny
2015-03-23 11:00:00,268.410666667,sunny
2015-03-24 11:00:00,269.078333333,sunny
2015-03-25 11:00:00,269.712,sunny
2015-03-26 11:00:00,275.898333333,rainy 
2015-03-27 11:00:00,276.815333333,rainy 
2015-03-28 11:00:00,272.845,cloudy
2015-03-29 11:00:00,270.269333333,snowy 
2015-03-30 11:00:00,274.36,cloudy
2015-03-31 11:00:00,275.783666667,snowy 
2015-04-01 11:00:00,272.314333333,rainy 
2015-04-02 11:00:00,274.592333333,sunny
2015-04-03 11:00:00,288.054333333,cloudy
2015-04-04 11:00:00,282.404,rainy 
2015-04-05 11:00:00,277.626,sunny
2015-04-06 11:00:00,277.398333333,sunny
2015-04-07 11:00:00,284.309,cloudy
2015-04-08 11:00:00,277.665333333,rainy 
2015-04-09 11:00:00,276.300666667,rainy 
2015-04-10 11:00:00,278.235666667,rainy 
2015-04-11 11:00:00,282.062333333,sunny
2015-04-12 11:00:00,277.975666667,sunny
2015-04-13 11:00:00,278.972,sunny
2015-04-14 11:00:00,288.217,cloudy
2015-04-15 11:00:00,281.809666667,sunny
2015-04-16 11:00:00,281.365,sunny
2015-04-17 11:00:00,284.634,rainy 
2015-04-18 11:00:00,284.100333333,sunny
2015-04-19 11:00:00,284.085666667,sunny
2015-04-20 11:00:00,282.086,rainy 
2015-04-21 11:00:00,286.503666667,rainy 
2015-04-22 11:00:00,281.689723577,sunny
2015-04-23 11:00:00,278.684551755,sunny
2015-04-24 11:00:00,276.403228899,sunny
2015-04-25 11:00:00,276.309173472,sunny
2015-04-26 11:00:00,279.580755396,sunny
2015-04-27 11:00:00,280.877016247,sunny
2015-04-28 11:00:00,284.38,sunny
2015-04-29 11:00:00,286.274400953,sunny
2015-04-30 11:00:00,282.997557909,sunny
2015-05-01 11:00:00,281.72053527,sunny
2015-05-02 11:00:00,281.597865546,sunny
2015-05-03 11:00:00,285.811551267,sunny
2015-05-04 11:00:00,289.909652746,sunny
2015-05-05 11:00:00,294.769979955,sunny
2015-05-06 11:00:00,291.53110703,cloudy
2015-05-07 11:00:00,288.77920514,sunny
2015-05-08 11:00:00,289.902890511,sunny
2015-05-09 11:00:00,287.792031695,rainy 
2015-05-10 11:00:00,290.566865152,rainy 
2015-05-11 11:00:00,294.319579186,cloudy
2015-05-12 11:00:00,293.056860371,rainy 
2015-05-13 11:00:00,289.308,sunny
2015-05-14 11:00:00,286.555817447,sunny
2015-05-15 11:00:00,286.534,cloudy
2015-05-16 11:00:00,286.574,rainy 
2015-05-17 11:00:00,291.709,sunny
2015-05-18 11:00:00,294.422301221,sunny
2015-05-19 11:00:00,287.33,rainy 
2015-05-20 11:00:00,286.793,sunny
2015-05-21 11:00:00,284.54,cloudy
2015-05-22 11:00:00,285.112,rainy 
2015-05-23 11:00:00,282.172,sunny
2015-05-24 11:00:00,286.963,sunny
2015-05-25 11:00:00,289.829,sunny
2015-05-26 11:00:00,293.171333333,sunny
2015-05-27 11:00:00,294.216,sunny
2015-05-28 11:00:00,293.455,cloudy
2015-05-29 11:00:00,292.59,sunny
2015-05-30 11:00:00,292.178,sunny
2015-05-31 11:00:00,294.298,cloudy
2015-06-01 11:00:00,286.48,rainy 
2015-06-02 11:00:00,283.02,foggy
2015-06-03 11:00:00,284.55,cloudy
2015-06-04 11:00:00,287.178,sunny
2015-06-05 11:00:00,286.998,cloudy
2015-06-06 11:00:00,291.096,sunny
2015-06-07 11:00:00,288.984,sunny
2015-06-08 11:00:00,290.28,rainy 
2015-06-09 11:00:00,292.55,foggy
2015-06-10 11:00:00,290.1,foggy
2015-06-11 11:00:00,293.02,sunny
2015-06-12 11:00:00,295.571,sunny
2015-06-13 11:00:00,298.781,sunny
2015-06-14 11:00:00,294.404,sunny
2015-06-15 11:00:00,293.08,rainy 
2015-06-16 11:00:00,291.71,foggy
2015-06-17 11:00:00,292.51,sunny
2015-06-18 11:00:00,291.0,rainy 
2015-06-19 11:00:00,295.14,sunny
2015-06-20 11:00:00,292.231,rainy 
2015-06-21 11:00:00,293.372,rainy 
2015-06-22 11:00:00,294.11,sunny
2015-06-23 11:00:00,297.969,sunny
2015-06-24 11:00:00,293.325,sunny
2015-06-25 11:00:00,289.53,sunny
2015-06-26 11:00:00,292.78,cloudy
2015-06-27 11:00:00,291.83,foggy
2015-06-28 11:00:00,289.58,foggy
2015-06-29 11:00:00,289.49,foggy
2015-06-30 11:00:00,290.82,cloudy
2015-07-01 11:00:00,293.35,foggy
2015-07-02 11:00:00,291.18,foggy
2015-07-03 11:00:00,290.25,foggy
2015-07-04 11:00:00,292.62,rainy 
2015-07-05 11:00:00,290.83,foggy
2015-07-06 11:00:00,292.34,foggy
2015-07-07 11:00:00,296.47,foggy
2015-07-08 11:00:00,296.85,foggy
2015-07-09 11:00:00,294.29,foggy
2015-07-10 11:00:00,293.91,sunny
2015-07-11 11:00:00,292.19,cloudy
2015-07-12 11:00:00,292.29,foggy
2015-07-13 11:00:00,293.84,foggy
2015-07-14 11:00:00,293.93,foggy
2015-07-15 11:00:00,296.05,rainy 
2015-07-16 11:00:00,289.87,sunny
2015-07-17 11:00:00,289.65,foggy
2015-07-18 11:00:00,295.22,rainy 
2015-07-19 11:00:00,296.09,foggy
2015-07-20 11:00:00,298.54,foggy
2015-07-21 11:00:00,297.16,foggy
2015-07-22 11:00:00,291.62,sunny
2015-07-23 11:00:00,290.05,sunny
2015-07-24 11:00:00,291.08,sunny
2015-07-25 11:00:00,290.36,sunny
2015-07-26 11:00:00,293.88,foggy
2015-07-27 11:00:00,295.06,foggy
2015-07-28 11:00:00,294.63,foggy
2015-07-29 11:00:00,295.68,foggy
2015-07-30 11:00:00,297.67,foggy
2015-07-31 11:00:00,293.44,foggy
2015-08-01 11:00:00,294.09,foggy
2015-08-02 11:00:00,291.54,foggy
2015-08-03 11:00:00,293.46,sunny
2015-08-04 11:00:00,293.71,cloudy
2015-08-05 11:00:00,291.7,foggy
2015-08-06 11:00:00,289.85,sunny
2015-08-07 11:00:00,291.39,cloudy
2015-08-08 11:00:00,290.47,foggy
2015-08-09 11:00:00,290.89,foggy
2015-08-10 11:00:00,292.53,foggy
2015-08-11 11:00:00,294.48,foggy
2015-08-12 11:00:00,291.98,foggy
2015-08-13 11:00:00,290.56,foggy
2015-08-14 11:00:00,289.27,rainy 
2015-08-15 11:00:00,292.31,foggy
2015-08-16 11:00:00,294.5,foggy
2015-08-17 11:00:00,294.65,foggy
2015-08-18 11:00:00,296.43,foggy
2015-08-19 11:00:00,296.16,foggy
2015-08-20 11:00:00,296.86,cloudy
2015-08-21 11:00:00,294.77,foggy
2015-08-22 11:00:00,291.51,cloudy
2015-08-23 11:00:00,290.88,cloudy
2015-08-24 11:00:00,292.73,foggy
2015-08-25 11:00:00,295.69,rainy 
2015-08-26 11:00:00,289.41,sunny
2015-08-27 11:00:00,289.79,cloudy
2015-08-28 11:00:00,287.84,sunny
2015-08-29 11:00:00,288.48,foggy
2015-08-30 11:00:00,291.92,foggy
2015-08-31 11:00:00,295.46,foggy
2015-09-01 11:00:00,294.76,foggy
2015-09-02 11:00:00,292.93,foggy
2015-09-03 11:00:00,293.74,foggy
2015-09-04 11:00:00,295.42,foggy
2015-09-05 11:00:00,291.63,foggy
2015-09-06 11:00:00,287.75,foggy
2015-09-07 11:00:00,290.52,sunny
2015-09-08 11:00:00,294.38,foggy
2015-09-09 11:00:00,296.05,cloudy
2015-09-10 11:00:00,295.08,foggy
2015-09-11 11:00:00,291.47,cloudy
2015-09-12 11:00:00,290.38,foggy
2015-09-13 11:00:00,292.44,foggy
2015-09-14 11:00:00,286.34,sunny
2015-09-15 11:00:00,286.57,sunny
2015-09-16 11:00:00,287.93,foggy
2015-09-17 11:00:00,288.77,foggy
2015-09-18 11:00:00,289.53,foggy
2015-09-19 11:00:00,290.3,foggy
2015-09-20 11:00:00,293.9,cloudy
2015-09-21 11:00:00,286.87,cloudy
2015-09-22 11:00:00,288.51,cloudy
2015-09-23 11:00:00,286.44,sunny
2015-09-24 11:00:00,285.73,sunny
2015-09-25 11:00:00,288.71,foggy
2015-09-26 11:00:00,287.69,cloudy
2015-09-27 11:00:00,284.71,foggy
2015-09-28 11:00:00,290.62,foggy
2015-09-29 11:00:00,293.56,foggy
2015-09-30 11:00:00,296.17,foggy
2015-10-01 11:00:00,285.32,cloudy
2015-10-02 11:00:00,284.03,rainy 
2015-10-03 11:00:00,282.32,rainy 
2015-10-04 11:00:00,284.55,cloudy
2015-10-05 11:00:00,283.47,cloudy
2015-10-06 11:00:00,281.86,rainy 
2015-10-07 11:00:00,285.57,foggy
2015-10-08 11:00:00,285.34,foggy
2015-10-09 11:00:00,288.61,foggy
2015-10-10 11:00:00,282.91,sunny
2015-10-11 11:00:00,280.05,foggy
2015-10-12 11:00:00,282.29,foggy
2015-10-13 11:00:00,286.97,foggy
2015-10-14 11:00:00,285.47,foggy
2015-10-15 11:00:00,280.45,foggy
2015-10-16 11:00:00,283.82,rainy 
2015-10-17 11:00:00,279.27,sunny
2015-10-18 11:00:00,273.37,sunny
2015-10-19 11:00:00,271.48,sunny
2015-10-20 11:00:00,280.76,cloudy
2015-10-21 11:00:00,282.9,sunny
2015-10-22 11:00:00,283.48,sunny
2015-10-23 11:00:00,284.57,sunny
2015-10-24 11:00:00,275.63,cloudy
2015-10-25 11:00:00,286.32,rainy 
2015-10-26 11:00:00,277.37,cloudy
2015-10-27 11:00:00,276.74,sunny
2015-10-28 11:00:00,285.885603669,rainy 
2015-10-29 11:00:00,290.627596756,rainy 
2015-10-30 11:00:00,281.702870312,sunny
2015-10-31 11:00:00,275.45,sunny
2015-11-01 11:00:00,283.612764543,cloudy
2015-11-02 11:00:00,281.75,foggy
2015-11-03 11:00:00,278.83,foggy
2015-11-04 11:00:00,282.250329049,sunny
2015-11-05 11:00:00,285.134933702,cloudy
2015-11-06 11:00:00,290.615888403,rainy 
2015-11-07 11:00:00,287.97,cloudy
2015-11-08 11:00:00,279.81,sunny
2015-11-09 11:00:00,275.600443142,sunny
2015-11-10 11:00:00,284.97462069,rainy 
2015-11-11 11:00:00,283.31,rainy 
2015-11-12 11:00:00,284.14,rainy 
2015-11-13 11:00:00,285.23,cloudy
2015-11-14 11:00:00,279.73,cloudy
2015-11-15 11:00:00,274.99,sunny
2015-11-16 11:00:00,278.75,sunny
2015-11-17 11:00:00,276.73,sunny
2015-11-18 11:00:00,278.05,cloudy
2015-11-19 11:00:00,287.51,cloudy
2015-11-20 11:00:00,286.31,sunny
2015-11-21 11:00:00,275.76,foggy
2015-11-22 11:00:00,282.4,foggy
2015-11-23 11:00:00,273.98,sunny
2015-11-24 11:00:00,270.388120582,sunny
2015-11-25 11:00:00,271.99,sunny
2015-11-26 11:00:00,273.84,rainy 
2015-11-27 11:00:00,278.859393514,cloudy
2015-11-28 11:00:00,283.42,cloudy
2015-11-29 11:00:00,276.78,rainy 
2015-11-30 11:00:00,273.06,cloudy
2015-12-01 11:00:00,278.81,foggy
2015-12-02 11:00:00,280.57,rainy 
2015-12-03 11:00:00,280.9578829,rainy 
2015-12-04 11:00:00,278.57,foggy
2015-12-05 11:00:00,272.81,foggy
2015-12-06 11:00:00,272.855465046,sunny
2015-12-07 11:00:00,274.918562112,sunny
2015-12-08 11:00:00,277.23,foggy
2015-12-09 11:00:00,275.45,foggy
2015-12-10 11:00:00,281.61,rainy 
2015-12-11 11:00:00,278.6,foggy
2015-12-12 11:00:00,281.657867096,cloudy
2015-12-13 11:00:00,284.84,foggy
2015-12-14 11:00:00,284.444118451,rainy 
2015-12-15 11:00:00,288.48,sunny
2015-12-16 11:00:00,280.31,sunny
2015-12-17 11:00:00,283.14,foggy
2015-12-18 11:00:00,282.73,cloudy
2015-12-19 11:00:00,274.51,sunny
2015-12-20 11:00:00,274.66,cloudy
2015-12-21 11:00:00,276.844338235,cloudy
2015-12-22 11:00:00,283.59,rainy 
2015-12-23 11:00:00,282.26,foggy
2015-12-24 11:00:00,289.73,foggy
2015-12-25 11:00:00,284.32,foggy
2015-12-26 11:00:00,283.76,cloudy
2015-12-27 11:00:00,281.62,rainy 
2015-12-28 11:00:00,276.58,cloudy
2015-12-29 11:00:00,275.64,foggy
2015-12-30 11:00:00,276.81,foggy
2015-12-31 11:00:00,278.526089916,rainy 
2016-01-01 11:00:00,276.91,cloudy
2016-01-02 11:00:00,272.89,sunny
2016-01-03 11:00:00,273.036372937,sunny
2016-01-04 11:00:00,271.83,sunny
2016-01-05 11:00:00,262.432862195,sunny
2016-01-06 11:00:00,264.82,sunny
2016-01-07 11:00:00,268.37,cloudy
2016-01-08 11:00:00,272.45,foggy
2016-01-09 11:00:00,277.04,foggy
2016-01-10 11:00:00,281.31,foggy
2016-01-11 11:00:00,272.71,sunny
2016-01-12 11:00:00,266.67,snowy 
2016-01-13 11:00:00,267.39,sunny
2016-01-14 11:00:00,267.71,snowy 
2016-01-15 11:00:00,273.38,cloudy
2016-01-16 11:00:00,278.505148504,rainy 
2016-01-17 11:00:00,274.09,cloudy
2016-01-18 11:00:00,269.947955132,sunny
2016-01-19 11:00:00,264.29,sunny
2016-01-20 11:00:00,270.514887988,sunny
2016-01-21 11:00:00,269.326852459,cloudy
2016-01-22 11:00:00,265.6,sunny
2016-01-23 11:00:00,269.780454545,snowy 
2016-01-24 11:00:00,266.69,snowy 
2016-01-25 11:00:00,264.479546575,sunny
2016-01-26 11:00:00,271.229009302,sunny
2016-01-27 11:00:00,278.49,cloudy
2016-01-28 11:00:00,267.074180328,sunny
2016-01-29 11:00:00,271.48,cloudy
2016-01-30 11:00:00,269.407840266,sunny
2016-01-31 11:00:00,274.4,cloudy
2016-02-01 11:00:00,276.432051479,cloudy
2016-02-02 11:00:00,272.88,foggy
2016-02-03 11:00:00,277.41,foggy
2016-02-04 11:00:00,284.38,rainy 
2016-02-05 11:00:00,273.93,foggy
2016-02-06 11:00:00,269.09,sunny
2016-02-07 11:00:00,270.55,sunny
2016-02-08 11:00:00,275.71,cloudy
2016-02-09 11:00:00,270.2,cloudy
2016-02-10 11:00:00,273.0,foggy
2016-02-11 11:00:00,267.78,cloudy
2016-02-12 11:00:00,262.795119658,sunny
2016-02-13 11:00:00,266.26,snowy 
2016-02-14 11:00:00,256.36,sunny
2016-02-15 11:00:00,261.39,foggy
2016-02-16 11:00:00,276.1,foggy
2016-02-17 11:00:00,275.38,cloudy
2016-02-18 11:00:00,271.032462786,sunny
2016-02-19 11:00:00,266.498206278,sunny
2016-02-20 11:00:00,277.320324869,rainy 
2016-02-21 11:00:00,277.64,sunny
2016-02-22 11:00:00,274.23,sunny
2016-02-23 11:00:00,274.22,foggy
2016-02-24 11:00:00,276.1,foggy
2016-02-25 11:00:00,284.609658647,rainy 
2016-02-26 11:00:00,273.528801653,sunny
2016-02-27 11:00:00,269.323282589,cloudy
2016-02-28 11:00:00,275.05,cloudy
2016-02-29 11:00:00,276.72,cloudy
2016-03-01 11:00:00,277.08,cloudy
2016-03-02 11:00:00,283.554560363,rainy 
2016-03-03 11:00:00,269.548980849,sunny
2016-03-04 11:00:00,271.459368021,snowy 
2016-03-05 11:00:00,269.713142478,sunny
2016-03-06 11:00:00,271.5,cloudy
2016-03-07 11:00:00,273.317469331,sunny
2016-03-08 11:00:00,278.15,cloudy
2016-03-09 11:00:00,276.93,foggy
2016-03-10 11:00:00,287.81,cloudy
2016-03-11 11:00:00,286.009075472,rainy 
2016-03-12 11:00:00,275.815243707,sunny
2016-03-13 11:00:00,280.95,rainy 
2016-03-14 11:00:00,281.076319778,rainy 
2016-03-15 11:00:00,280.25,foggy
2016-03-16 11:00:00,279.39,rainy 
2016-03-17 11:00:00,281.25,foggy
2016-03-18 11:00:00,280.07,sunny
2016-03-19 11:00:00,273.44,cloudy
2016-03-20 11:00:00,272.79,sunny
2016-03-21 11:00:00,272.6,foggy
2016-03-22 11:00:00,273.433187845,sunny
2016-03-23 11:00:00,281.27,cloudy
2016-03-24 11:00:00,278.72,foggy
2016-03-25 11:00:00,282.69,rainy 
2016-03-26 11:00:00,275.769953642,sunny
2016-03-27 11:00:00,278.71,cloudy
2016-03-28 11:00:00,278.67,rainy 
2016-03-29 11:00:00,279.13,sunny
2016-03-30 11:00:00,273.621110627,sunny
2016-03-31 11:00:00,280.56,foggy
2016-04-01 11:00:00,290.42,foggy
2016-04-02 11:00:00,284.750752497,rainy 
2016-04-03 11:00:00,275.359713781,rainy 
2016-04-04 11:00:00,275.9,snowy 
2016-04-05 11:00:00,269.13,cloudy
2016-04-06 11:00:00,269.66,sunny
2016-04-07 11:00:00,281.35,cloudy
2016-04-08 11:00:00,279.15,sunny
2016-04-09 11:00:00,272.29,sunny
2016-04-10 11:00:00,272.4,sunny
2016-04-11 11:00:00,279.98,rainy 
2016-04-12 11:00:00,285.81,foggy
2016-04-13 11:00:00,275.03,sunny
2016-04-14 11:00:00,277.17,sunny
2016-04-15 11:00:00,276.12,foggy
2016-04-16 11:00:00,278.56,sunny
2016-04-17 11:00:00,277.76,foggy
2016-04-18 11:00:00,280.35,sunny
2016-04-19 11:00:00,286.78,cloudy
2016-04-20 11:00:00,280.58,sunny
2016-04-21 11:00:00,278.91,sunny
2016-04-22 11:00:00,288.55,sunny
2016-04-23 11:00:00,289.05,foggy
2016-04-24 11:00:00,280.58,sunny
2016-04-25 11:00:00,282.76,cloudy
2016-04-26 11:00:00,283.85,foggy
2016-04-27 11:00:00,280.76,foggy
2016-04-28 11:00:00,280.63,foggy
2016-04-29 11:00:00,281.87,rainy 
2016-04-30 11:00:00,280.85,cloudy
2016-05-01 11:00:00,282.04,foggy
2016-05-02 11:00:00,280.65,foggy
2016-05-03 11:00:00,284.41,foggy
2016-05-04 11:00:00,282.41,foggy
2016-05-05 11:00:00,281.19,foggy
2016-05-06 11:00:00,282.28,foggy
2016-05-07 11:00:00,282.25,rainy 
2016-05-08 11:00:00,282.64,foggy
2016-05-09 11:00:00,281.55,sunny
2016-05-10 11:00:00,281.44,foggy
2016-05-11 11:00:00,281.87,foggy
2016-05-12 11:00:00,284.44,foggy
2016-05-13 11:00:00,287.29,foggy
2016-05-14 11:00:00,285.24,foggy
2016-05-15 11:00:00,281.57,sunny
2016-05-16 11:00:00,278.05,sunny
2016-05-17 11:00:00,284.34,rainy 
2016-05-18 11:00:00,283.76,foggy
2016-05-19 11:00:00,284.83,cloudy
2016-05-20 11:00:00,282.73,cloudy
2016-05-21 11:00:00,284.14,cloudy
2016-05-22 11:00:00,284.52,rainy 
2016-05-23 11:00:00,284.98,rainy 
2016-05-24 11:00:00,287.65,foggy
2016-05-25 11:00:00,286.48,foggy
2016-05-26 11:00:00,290.28,foggy
2016-05-27 11:00:00,292.55,rainy 
2016-05-28 11:00:00,293.78,foggy
2016-05-29 11:00:00,293.25,foggy
2016-05-30 11:00:00,292.96,foggy
2016-05-31 11:00:00,293.24,foggy
2016-06-01 11:00:00,290.56,cloudy
2016-06-02 11:00:00,289.05,cloudy
2016-06-03 11:00:00,290.35,foggy
2016-06-04 11:00:00,291.75,foggy
2016-06-05 11:00:00,291.39,rainy 
2016-06-06 11:00:00,291.95,foggy
2016-06-07 11:00:00,292.8,foggy
2016-06-08 11:00:00,288.18,sunny
2016-06-09 11:00:00,285.25,sunny
2016-06-10 11:00:00,286.2,sunny
2016-06-11 11:00:00,286.54,sunny
2016-06-12 11:00:00,296.96,sunny
2016-06-13 11:00:00,287.61,sunny
2016-06-14 11:00:00,288.04,sunny
2016-06-15 11:00:00,289.2,sunny
2016-06-16 11:00:00,291.92,rainy 
2016-06-17 11:00:00,290.87,cloudy
2016-06-18 11:00:00,287.51,sunny
2016-06-19 11:00:00,291.3,sunny
2016-06-20 11:00:00,291.0,sunny
2016-06-21 11:00:00,296.38,rainy 
2016-06-22 11:00:00,291.38,sunny
2016-06-23 11:00:00,291.85,cloudy
2016-06-24 11:00:00,292.47,sunny
2016-06-25 11:00:00,290.0,foggy
2016-06-26 11:00:00,290.31,foggy
2016-06-27 11:00:00,290.44,sunny
2016-06-28 11:00:00,294.14,foggy
2016-06-29 11:00:00,292.83,foggy
2016-06-30 11:00:00,291.08,sunny
2016-07-01 11:00:00,292.19,foggy
2016-07-02 11:00:00,291.33,sunny
2016-07-03 11:00:00,289.58,sunny
2016-07-04 11:00:00,290.39,foggy
2016-07-05 11:00:00,294.5,foggy
2016-07-06 11:00:00,295.34,rainy 
2016-07-07 11:00:00,296.09,foggy
2016-07-08 11:00:00,296.39,foggy
2016-07-09 11:00:00,291.84,foggy
2016-07-10 11:00:00,292.42,foggy
2016-07-11 11:00:00,290.65,foggy
2016-07-12 11:00:00,291.42,foggy
2016-07-13 11:00:00,293.64,foggy
2016-07-14 11:00:00,296.102,rainy 
2016-07-15 11:00:00,296.344,sunny
2016-07-16 11:00:00,297.532,cloudy
2016-07-17 11:00:00,294.721,sunny
2016-07-18 11:00:00,296.458,sunny
2016-07-19 11:00:00,299.388,rainy 
2016-07-20 11:00:00,299.388,rainy 
2016-07-21 11:00:00,292.3,foggy
2016-07-22 11:00:00,295.74,cloudy
2016-07-23 11:00:00,298.52,foggy
2016-07-24 11:00:00,294.59,sunny
2016-07-25 11:00:00,297.71,foggy
2016-07-26 11:00:00,294.73,foggy
2016-07-27 11:00:00,294.76,cloudy
2016-07-28 11:00:00,295.13,foggy
2016-07-29 11:00:00,294.72,foggy
2016-07-30 11:00:00,294.89,foggy
2016-07-31 11:00:00,296.24,foggy
2016-08-01 11:00:00,294.22,foggy
2016-08-02 11:00:00,294.06,foggy
2016-08-03 11:00:00,290.69,foggy
2016-08-04 11:00:00,290.51,sunny
2016-08-05 11:00:00,292.11,sunny
2016-08-06 11:00:00,296.35,sunny
2016-08-07 11:00:00,293.56,sunny
2016-08-08 11:00:00,292.87,cloudy
2016-08-09 11:00:00,297.19,sunny
2016-08-10 11:00:00,297.7,rainy 
2016-08-11 11:00:00,298.57,sunny
2016-08-12 11:00:00,297.2,rainy 
2016-08-13 11:00:00,299.03,sunny
2016-08-14 11:00:00,299.09,sunny
2016-08-15 11:00:00,297.37,rainy 
2016-08-16 11:00:00,297.41,cloudy
2016-08-17 11:00:00,297.61,sunny
2016-08-18 11:00:00,295.44,rainy 
2016-08-19 11:00:00,295.46,cloudy
2016-08-20 11:00:00,294.68,sunny
2016-08-21 11:00:00,296.21,foggy
2016-08-22 11:00:00,292.64,foggy
2016-08-23 11:00:00,287.49,sunny
2016-08-24 11:00:00,290.27,sunny
2016-08-25 11:00:00,292.07,foggy
2016-08-26 11:00:00,296.22,foggy
2016-08-27 11:00:00,293.21,rainy 
2016-08-28 11:00:00,292.47,foggy
2016-08-29 11:00:00,294.92,cloudy
2016-08-30 11:00:00,291.76,foggy
2016-08-31 11:00:00,295.46,rainy 
2016-09-01 11:00:00,294.88,foggy
2016-09-02 11:00:00,290.64,sunny
2016-09-03 11:00:00,291.34,sunny
2016-09-04 11:00:00,289.17,sunny
2016-09-05 11:00:00,289.82,cloudy
2016-09-06 11:00:00,295.66,cloudy
2016-09-07 11:00:00,294.89,rainy 
2016-09-08 11:00:00,293.32,rainy 
2016-09-09 11:00:00,299.43,cloudy
2016-09-10 11:00:00,296.83,foggy
2016-09-11 11:00:00,297.86,cloudy
2016-09-12 11:00:00,286.35,sunny
2016-09-13 11:00:00,287.89,foggy
2016-09-14 11:00:00,292.04,rainy 
2016-09-15 11:00:00,288.32,sunny
2016-09-16 11:00:00,285.7,sunny
2016-09-17 11:00:00,285.13,rainy 
2016-09-18 11:00:00,293.36,cloudy
2016-09-19 11:00:00,295.52,rainy 
2016-09-20 11:00:00,292.79,sunny
2016-09-21 11:00:00,290.67,sunny
2016-09-22 11:00:00,287.88,sunny
2016-09-23 11:00:00,287.03,sunny
2016-09-24 11:00:00,287.97,rainy 
2016-09-25 11:00:00,283.65,sunny
2016-09-26 11:00:00,282.65,sunny
2016-09-27 11:00:00,291.01,rainy 
2016-09-28 11:00:00,287.3,rainy 
2016-09-29 11:00:00,288.61,rainy 
2016-09-30 11:00:00,287.52,rainy 
2016-10-01 11:00:00,286.37,rainy 
2016-10-02 11:00:00,286.54,rainy 
2016-10-03 11:00:00,288.8,sunny
2016-10-04 11:00:00,288.81,rainy 
2016-10-05 11:00:00,286.246,sunny
2016-10-06 11:00:00,283.841,sunny
2016-10-07 11:00:00,284.56,sunny
2016-10-08 11:00:00,289.916,cloudy
2016-10-09 11:00:00,288.115,rainy 
2016-10-10 11:00:00,284.015,sunny
2016-10-11 11:00:00,281.074,sunny
2016-10-12 11:00:00,283.132,sunny
2016-10-13 11:00:00,284.069,cloudy
2016-10-14 11:00:00,283.429,sunny
2016-10-15 11:00:00,280.423,sunny
2016-10-16 11:00:00,284.789,sunny
2016-10-17 11:00:00,288.114,sunny
2016-10-18 11:00:00,289.715,sunny
2016-10-19 11:00:00,292.1,sunny
2016-10-20 11:00:00,292.53,sunny
2016-10-21 11:00:00,292.139,rainy 
2016-10-22 11:00:00,285.801,rainy 
2016-10-23 11:00:00,282.232,sunny
2016-10-24 11:00:00,283.663,rainy 
2016-10-25 11:00:00,281.386,sunny
2016-10-26 11:00:00,277.251,sunny
2016-10-27 11:00:00,279.063,cloudy
2016-10-28 11:00:00,281.865,sunny
2016-10-29 11:00:00,277.624,sunny
2016-10-30 11:00:00,288.338,sunny
2016-10-31 11:00:00,278.677,sunny
2016-11-01 11:00:00,277.294,sunny
2016-11-02 11:00:00,283.84,sunny
2016-11-03 11:00:00,285.23,foggy
2016-11-04 11:00:00,283.92,sunny
2016-11-05 11:00:00,277.16,sunny
2016-11-06 11:00:00,283.44,foggy
2016-11-07 11:00:00,274.8,sunny
2016-11-08 11:00:00,276.29,rainy 
2016-11-09 11:00:00,282.28,sunny
2016-11-10 11:00:00,277.65,sunny
2016-11-11 11:00:00,281.64,sunny
2016-11-12 11:00:00,275.07,sunny
2016-11-13 11:00:00,274.5,sunny
2016-11-14 11:00:00,275.15,sunny
2016-11-15 11:00:00,282.45,rainy 
2016-11-16 11:00:00,278.69,foggy
2016-11-17 11:00:00,280.54,sunny
2016-11-18 11:00:00,277.15,foggy
2016-11-19 11:00:00,277.46,sunny
2016-11-20 11:00:00,276.4,foggy
2016-11-21 11:00:00,275.23,rainy 
2016-11-22 11:00:00,275.84,cloudy
2016-11-23 11:00:00,274.08,foggy
2016-11-24 11:00:00,276.14,sunny
2016-11-25 11:00:00,279.37,rainy 
2016-11-26 11:00:00,278.51,foggy
2016-11-27 11:00:00,274.9,foggy
2016-11-28 11:00:00,272.73,sunny
2016-11-29 11:00:00,281.84,cloudy
2016-11-30 11:00:00,283.33,foggy
2016-12-01 11:00:00,284.3,rainy 
2016-12-02 11:00:00,276.39,sunny
2016-12-03 11:00:00,278.23,sunny
2016-12-04 11:00:00,276.52,cloudy
2016-12-05 11:00:00,275.22,snowy 
2016-12-06 11:00:00,272.86,foggy
2016-12-07 11:00:00,276.72,rainy 
2016-12-08 11:00:00,273.98,foggy
2016-12-09 11:00:00,272.56,sunny
2016-12-10 11:00:00,268.79,sunny
2016-12-11 11:00:00,269.14,foggy
2016-12-12 11:00:00,274.75,foggy
2016-12-13 11:00:00,272.21,sunny
2016-12-14 11:00:00,273.16,foggy
2016-12-15 11:00:00,271.4,snowy 
2016-12-16 11:00:00,263.93,sunny
2016-12-17 11:00:00,268.92,foggy
2016-12-18 11:00:00,277.36,rainy 
2016-12-19 11:00:00,269.31,sunny
2016-12-20 11:00:00,264.07,sunny
2016-12-21 11:00:00,268.15,sunny
2016-12-22 11:00:00,273.43,cloudy
2016-12-23 11:00:00,274.22,sunny
2016-12-24 11:00:00,276.72,foggy
2016-12-25 11:00:00,275.29,foggy
2016-12-26 11:00:00,272.29,cloudy
2016-12-27 11:00:00,284.84,cloudy
2016-12-28 11:00:00,275.15,cloudy
2016-12-29 11:00:00,271.72,sunny
2016-12-30 11:00:00,274.15,sunny
2016-12-31 11:00:00,271.61,sunny
2017-01-01 11:00:00,278.8,sunny
2017-01-02 11:00:00,272.97,sunny
2017-01-03 11:00:00,276.73,rainy 
2017-01-04 11:00:00,278.3,foggy
2017-01-05 11:00:00,270.3,sunny
2017-01-06 11:00:00,270.61,foggy
2017-01-07 11:00:00,268.38,cloudy
2017-01-08 11:00:00,263.35,sunny
2017-01-09 11:00:00,260.53,sunny
2017-01-10 11:00:00,262.84,sunny
2017-01-11 11:00:00,279.76,rainy 
2017-01-12 11:00:00,283.68,rainy 
2017-01-13 11:00:00,284.56,cloudy
2017-01-14 11:00:00,271.0,sunny
2017-01-15 11:00:00,270.09,foggy
2017-01-16 11:00:00,268.2,foggy
2017-01-17 11:00:00,275.99,foggy
2017-01-18 11:00:00,276.44,foggy
2017-01-19 11:00:00,275.66,foggy
2017-01-20 11:00:00,276.35,foggy
2017-01-21 11:00:00,278.45,foggy
2017-01-22 11:00:00,279.49,foggy
2017-01-23 11:00:00,278.61,foggy
2017-01-24 11:00:00,275.7,rainy 
2017-01-25 11:00:00,275.164,sunny
2017-01-26 11:00:00,278.61,foggy
2017-01-27 11:00:00,277.81,cloudy
2017-01-28 11:00:00,274.48,cloudy
2017-01-29 11:00:00,272.55,cloudy
2017-01-30 11:00:00,271.57,cloudy
2017-01-31 11:00:00,269.14,cloudy
2017-02-01 11:00:00,273.22,foggy
2017-02-02 11:00:00,272.15,sunny
2017-02-03 11:00:00,269.31,sunny
2017-02-04 11:00:00,266.65,sunny
2017-02-05 11:00:00,270.76,sunny
2017-02-06 11:00:00,276.4,sunny
2017-02-07 11:00:00,275.31,rainy 
2017-02-08 11:00:00,276.23,foggy
2017-02-09 11:00:00,272.22,foggy
2017-02-10 11:00:00,266.31,snowy 
2017-02-11 11:00:00,272.92,foggy
2017-02-12 11:00:00,274.31,foggy
2017-02-13 11:00:00,274.82,snowy 
2017-02-14 11:00:00,267.547,sunny
2017-02-15 11:00:00,271.142,cloudy
2017-02-16 11:00:00,270.881,sunny
2017-02-17 11:00:00,268.854,sunny
2017-02-18 11:00:00,271.186,sunny
2017-02-19 11:00:00,277.81,sunny
2017-02-20 11:00:00,275.022,sunny
2017-02-21 11:00:00,271.444666667,sunny
2017-02-22 11:00:00,278.07,cloudy
2017-02-23 11:00:00,276.77,rainy 
2017-02-24 11:00:00,282.32,foggy
2017-02-25 11:00:00,285.84,foggy
2017-02-26 11:00:00,276.07,sunny
2017-02-27 11:00:00,272.31,sunny
2017-02-28 11:00:00,278.84,cloudy
2017-03-01 11:00:00,285.48,foggy
2017-03-02 11:00:00,283.23,sunny
2017-03-03 11:00:00,271.38,sunny
2017-03-04 11:00:00,266.38,sunny
2017-03-05 11:00:00,263.76,sunny
2017-03-06 11:00:00,266.85,sunny
2017-03-07 11:00:00,278.03,foggy
2017-03-08 11:00:00,284.72,foggy
2017-03-09 11:00:00,283.89,sunny
2017-03-10 11:00:00,276.69,foggy
2017-03-11 11:00:00,264.84,sunny
2017-03-12 11:00:00,265.86,sunny
2017-03-13 11:00:00,265.77,sunny
2017-03-14 11:00:00,270.14,foggy
2017-03-15 11:00:00,266.53,cloudy
2017-03-16 11:00:00,268.53,sunny
2017-03-17 11:00:00,270.72,sunny
2017-03-18 11:00:00,272.08,cloudy
2017-03-19 11:00:00,274.23,cloudy
2017-03-20 11:00:00,271.45,sunny
2017-03-21 11:00:00,277.79,cloudy
2017-03-22 11:00:00,276.9,sunny
2017-03-23 11:00:00,267.06,sunny
2017-03-24 11:00:00,273.14,cloudy
2017-03-25 11:00:00,281.08,foggy
2017-03-26 11:00:00,276.45,rainy 
2017-03-27 11:00:00,276.73,foggy
2017-03-28 11:00:00,279.81,cloudy
2017-03-29 11:00:00,280.14,cloudy
2017-03-30 11:00:00,274.36,foggy
2017-03-31 11:00:00,276.3,rainy 
2017-04-01 11:00:00,275.65,rainy 
2017-04-02 11:00:00,277.56,sunny
2017-04-03 11:00:00,278.24,sunny
2017-04-04 11:00:00,283.14,foggy
2017-04-05 11:00:00,280.68,rainy 
2017-04-06 11:00:00,278.75,foggy
2017-04-07 11:00:00,280.3,cloudy
2017-04-08 11:00:00,276.76,sunny
2017-04-09 11:00:00,275.15,sunny
2017-04-10 11:00:00,280.15,sunny
2017-04-11 11:00:00,284.57,sunny
2017-04-12 11:00:00,285.83,sunny
2017-04-13 11:00:00,282.606333333,sunny
2017-04-14 11:00:00,279.47,cloudy
2017-04-15 11:00:00,279.19,sunny
2017-04-16 11:00:00,288.21,foggy
2017-04-17 11:00:00,290.28,foggy
2017-04-18 11:00:00,282.04,sunny
2017-04-19 11:00:00,280.21,cloudy
2017-04-20 11:00:00,283.29,foggy
2017-04-21 11:00:00,282.37,foggy
2017-04-22 11:00:00,283.84,rainy 
2017-04-23 11:00:00,278.9,rainy 
2017-04-24 11:00:00,279.61,rainy 
2017-04-25 11:00:00,283.58,foggy
2017-04-26 11:00:00,285.07,foggy
2017-04-27 11:00:00,287.68,rainy 
2017-04-28 11:00:00,287.69,rainy 
2017-04-29 11:00:00,289.98,foggy
2017-04-30 11:00:00,287.46,cloudy
2017-05-01 11:00:00,282.93,foggy
2017-05-02 11:00:00,291.98,foggy
2017-05-03 11:00:00,287.05,sunny
2017-05-04 11:00:00,278.56,sunny
2017-05-05 11:00:00,284.07,rainy 
2017-05-06 11:00:00,288.62,rainy 
2017-05-07 11:00:00,282.92,sunny
2017-05-08 11:00:00,278.21,foggy
2017-05-09 11:00:00,278.92,rainy 
2017-05-10 11:00:00,281.53,cloudy
2017-05-11 11:00:00,280.3,foggy
2017-05-12 11:00:00,280.05,sunny
2017-05-13 11:00:00,282.68,rainy 
2017-05-14 11:00:00,281.61,cloudy
2017-05-15 11:00:00,285.72,sunny
2017-05-16 11:00:00,285.14,sunny
2017-05-17 11:00:00,287.14,sunny
2017-05-18 11:00:00,294.78,foggy
2017-05-19 11:00:00,295.9,sunny
2017-05-20 11:00:00,288.46,rainy 
2017-05-21 11:00:00,282.37,sunny
2017-05-22 11:00:00,285.61,rainy 
2017-05-23 11:00:00,286.35,foggy
2017-05-24 11:00:00,286.36,foggy
2017-05-25 11:00:00,286.29,rainy 
2017-05-26 11:00:00,286.38,foggy
2017-05-27 11:00:00,286.78,foggy
2017-05-28 11:00:00,287.07,foggy
2017-05-29 11:00:00,286.72,rainy 
2017-05-30 11:00:00,285.72,foggy
2017-05-31 11:00:00,287.61,foggy
2017-06-01 11:00:00,287.6,foggy
2017-06-02 11:00:00,285.14,foggy
2017-06-03 11:00:00,285.43,cloudy
2017-06-04 11:00:00,284.04,sunny
2017-06-05 11:00:00,287.76,rainy 
2017-06-06 11:00:00,286.07,rainy 
2017-06-07 11:00:00,284.61,cloudy
2017-06-08 11:00:00,283.89,foggy
2017-06-09 11:00:00,283.83,sunny
2017-06-10 11:00:00,288.78,sunny
2017-06-11 11:00:00,292.42,foggy
2017-06-12 11:00:00,293.6,foggy
2017-06-13 11:00:00,294.64,foggy
2017-06-14 11:00:00,295.07,rainy 
2017-06-15 11:00:00,290.13,foggy
2017-06-16 11:00:00,290.21,cloudy
2017-06-17 11:00:00,291.84,foggy
2017-06-18 11:00:00,295.15,foggy
2017-06-19 11:00:00,297.44,foggy
2017-06-20 11:00:00,294.89,foggy
2017-06-21 11:00:00,291.32,foggy
2017-06-22 11:00:00,291.11,foggy
2017-06-23 11:00:00,296.74,rainy 
2017-06-24 11:00:00,295.48,foggy
2017-06-25 11:00:00,291.27,sunny
2017-06-26 11:00:00,288.83,sunny
2017-06-27 11:00:00,288.9,foggy
2017-06-28 11:00:00,286.98,sunny
2017-06-29 11:00:00,291.01,cloudy
2017-06-30 11:00:00,295.06,sunny
2017-07-01 11:00:00,294.86,foggy
2017-07-02 11:00:00,295.614378671,cloudy
2017-07-03 11:00:00,293.22,foggy
2017-07-04 11:00:00,292.92,cloudy
2017-07-05 11:00:00,293.21,foggy
2017-07-06 11:00:00,293.29,foggy
2017-07-07 11:00:00,293.76,rainy 
2017-07-08 11:00:00,293.32,foggy
2017-07-09 11:00:00,290.44,foggy
2017-07-10 11:00:00,290.45,foggy
2017-07-11 11:00:00,295.0,foggy
2017-07-12 11:00:00,296.29,foggy
2017-07-13 11:00:00,297.5,foggy
2017-07-14 11:00:00,292.14,foggy
2017-07-15 11:00:00,292.99,foggy
2017-07-16 11:00:00,291.58,foggy
2017-07-17 11:00:00,293.4,foggy
2017-07-18 11:00:00,295.7,foggy
2017-07-19 11:00:00,296.71,foggy
2017-07-20 11:00:00,297.03,foggy
2017-07-21 11:00:00,296.6,foggy
2017-07-22 11:00:00,297.34,foggy
2017-07-23 11:00:00,295.48,rainy 
2017-07-24 11:00:00,293.68,foggy
2017-07-25 11:00:00,290.15,foggy
2017-07-26 11:00:00,290.96,cloudy
2017-07-27 11:00:00,291.4,sunny
2017-07-28 11:00:00,293.6,foggy
2017-07-29 11:00:00,293.22,rainy 
2017-07-30 11:00:00,289.14,sunny
2017-07-31 11:00:00,290.37,sunny
2017-08-01 11:00:00,293.37,foggy
2017-08-02 11:00:00,295.48,foggy
2017-08-03 11:00:00,292.22,foggy
2017-08-04 11:00:00,294.44,foggy
2017-08-05 11:00:00,293.65,foggy
2017-08-06 11:00:00,289.37,sunny
2017-08-07 11:00:00,292.3,foggy
2017-08-08 11:00:00,291.98,foggy
2017-08-09 11:00:00,290.06,foggy
2017-08-10 11:00:00,291.6,foggy
2017-08-11 11:00:00,291.99,foggy
2017-08-12 11:00:00,291.61,rainy 
2017-08-13 11:00:00,293.78,foggy
2017-08-14 11:00:00,291.68,sunny
2017-08-15 11:00:00,293.73,rainy 
2017-08-16 11:00:00,294.06,foggy
2017-08-17 11:00:00,292.5,foggy
2017-08-18 11:00:00,296.61,cloudy
2017-08-19 11:00:00,295.39,foggy
2017-08-20 11:00:00,293.07,sunny
2017-08-21 11:00:00,291.99,foggy
2017-08-22 11:00:00,295.68,foggy
2017-08-23 11:00:00,295.91,foggy
2017-08-24 11:00:00,289.83,sunny
2017-08-25 11:00:00,289.21,sunny
2017-08-26 11:00:00,287.63,sunny
2017-08-27 11:00:00,287.38,sunny
2017-08-28 11:00:00,288.33,cloudy
2017-08-29 11:00:00,290.73,cloudy
2017-08-30 11:00:00,289.31,cloudy
2017-08-31 11:00:00,289.68,foggy
2017-09-01 11:00:00,285.73,sunny
2017-09-02 11:00:00,284.31,sunny
2017-09-03 11:00:00,288.81,rainy 
2017-09-04 11:00:00,288.64,sunny
2017-09-05 11:00:00,292.33,foggy
2017-09-06 11:00:00,293.3,foggy
2017-09-07 11:00:00,288.51,sunny
2017-09-08 11:00:00,286.14,sunny
2017-09-09 11:00:00,284.73,sunny
2017-09-10 11:00:00,284.89,sunny
2017-09-11 11:00:00,284.47,sunny
2017-09-12 11:00:00,287.13,sunny
2017-09-13 11:00:00,287.89,foggy
2017-09-14 11:00:00,294.15,foggy
2017-09-15 11:00:00,291.06,foggy
2017-09-16 11:00:00,292.78,foggy
2017-09-17 11:00:00,293.24,foggy
2017-09-18 11:00:00,293.14,foggy
2017-09-19 11:00:00,294.15,rainy 
2017-09-20 11:00:00,294.88,sunny
2017-09-21 11:00:00,294.87,sunny
2017-09-22 11:00:00,291.33,sunny
2017-09-23 11:00:00,292.69,sunny
2017-09-24 11:00:00,291.8,sunny
2017-09-25 11:00:00,293.22,foggy
2017-09-26 11:00:00,292.23,foggy
2017-09-27 11:00:00,293.14,foggy
2017-09-28 11:00:00,295.51,sunny
2017-09-29 11:00:00,283.89,sunny
2017-09-30 11:00:00,285.35,sunny
2017-10-01 11:00:00,282.16,foggy
2017-10-02 11:00:00,281.51,sunny
2017-10-03 11:00:00,282.44,foggy
2017-10-04 11:00:00,282.99,foggy
2017-10-05 11:00:00,290.4,cloudy
2017-10-06 11:00:00,291.89,foggy
2017-10-07 11:00:00,290.93,foggy
2017-10-08 11:00:00,296.07,foggy
2017-10-09 11:00:00,295.53,foggy
2017-10-10 11:00:00,291.77,sunny
2017-10-11 11:00:00,290.37,sunny
2017-10-12 11:00:00,287.23,rainy 
2017-10-13 11:00:00,283.64,cloudy
2017-10-14 11:00:00,289.73,rainy 
2017-10-15 11:00:00,291.3,foggy
2017-10-16 11:00:00,288.9,rainy 
2017-10-17 11:00:00,276.81,sunny
2017-10-18 11:00:00,280.14,sunny
2017-10-19 11:00:00,281.83,foggy
2017-10-20 11:00:00,283.75,sunny
2017-10-21 11:00:00,282.13,sunny
2017-10-22 11:00:00,281.72,foggy
2017-10-23 11:00:00,288.53,foggy
2017-10-24 11:00:00,294.48,rainy 
2017-10-25 11:00:00,286.45,foggy
2017-10-26 11:00:00,283.84,sunny
2017-10-27 11:00:00,278.13,sunny
